{
	"partitions" : [
		{
			"name" : "Top",
			"pins" : [
				{
					"name" : "adc_address",
					"strict" : false
				},
				{
					"name" : "adc_clk",
					"strict" : false
				},
				{
					"name" : "red_led",
					"strict" : false
				},
				{
					"name" : "blue_led",
					"strict" : false
				},
				{
					"name" : "s2",
					"strict" : false
				},
				{
					"name" : "s3",
					"strict" : false
				},
				{
					"name" : "green_led",
					"strict" : false
				},
				{
					"name" : "UP_Down_Servo",
					"strict" : false
				},
				{
					"name" : "Gripper_servo",
					"strict" : false
				},
				{
					"name" : "RW_F",
					"strict" : false
				},
				{
					"name" : "RW_B",
					"strict" : false
				},
				{
					"name" : "LW_F",
					"strict" : false
				},
				{
					"name" : "LW_B",
					"strict" : false
				},
				{
					"name" : "LEDL",
					"strict" : false
				},
				{
					"name" : "LEDC",
					"strict" : false
				},
				{
					"name" : "LEDR",
					"strict" : false
				},
				{
					"name" : "BIT0",
					"strict" : false
				},
				{
					"name" : "BIT1",
					"strict" : false
				},
				{
					"name" : "BIT2",
					"strict" : false
				},
				{
					"name" : "BIT3",
					"strict" : false
				},
				{
					"name" : "clk",
					"strict" : false
				},
				{
					"name" : "adc_data",
					"strict" : false
				},
				{
					"name" : "colour_freq",
					"strict" : false
				}
			]
		}
	]
}